{
  "calls": 240,
  "avg_unique_blocks": 4510.1,
  "avg_gather_unique_ms": 0.5419740142921606,
  "avg_decompress_ms": 0.7976534155507883,
  "avg_rotate_q_ms": 0.29992790271838504,
  "avg_remap_ms": 0.36693137759963673,
  "avg_stack_ms": 0.13427212834358215,
  "avg_flash_attn_ms": 3.603785236676534,
  "avg_inverse_rotate_ms": 0.0
}